<?xml version="1.0" encoding="UTF-8" standalone="yes"?>
<addon id="plugin.video.videobase"
       name="VideoBASE"
       version="0.0.0.5"
       provider-name="mentality">
    <requires>
        <import addon="xbmc.python" version="2.1.0"/>
        <import addon="script.module.beautifulsoup" version="3.2.0"/>
        <import addon="script.module.metahandler" version="2.5.1"/>
    </requires>
    <extension point="xbmc.python.pluginsource"
            library="default.py">
        <provides>video</provides>
    </extension>
    <extension point="xbmc.addon.metadata">
        <summary>Nur fuer Premium Member</summary>
        <description lang="de">
VideoBASE wünscht euch viel Spaß!!!</description>
        <description lang="en">
            German language content.
VideoBASE is presenting!!!</description>
        <platform>all</platform>
    </extension>
</addon>
