<?xml version="1.0" encoding="UTF-8" standalone="yes"?>
<addon id="plugin.audio.mp3indirdur"
       name="mp3indirdur"
       version="0.1.6"
       provider-name="Mentality">
    <requires>
        <import addon="xbmc.python" version="2.1.0"/>
        <import addon="script.module.beautifulsoup" version="3.2.0"/>
        <import addon="script.module.mutagen" version="1.22.0"/>
    </requires>
    <extension point="xbmc.python.pluginsource"
        library="default.py">
        <provides>audio</provides>
    </extension>
    <extension point="xbmc.addon.metadata">
        <summary>Mentality stellt vor</summary>
        <description lang="de">Türkische Musik[CR]~~~Mentality wünscht euch viel Spaß~~~</description>
        <description lang="en">Turkish music[CR]~~~Have Fun!!! Mentality~~~</description>
        <platform>all</platform>
    </extension>
</addon>
