<?xml version="1.0" encoding="UTF-8"?>
<addon id="plugin.video.seriesnever" 
       version="0.0.2" 
       name="SeriesEver" 
       provider-name="Mentality">
  <requires>
   <import addon="xbmc.python" version="2.1.0"/>
   <import addon="script.module.requests" version="2.4.3"/>
  </requires>
  <extension 
    point="xbmc.python.pluginsource"
    library="default.py">
   <provides>video</provides>
  </extension>
  <extension point="xbmc.addon.metadata">
    <summary></summary>
    <description></description>
    <platform>all</platform>
  </extension>
</addon>
